Top pages,Clicks,Impressions,CTR,Position
https://www.quaerens.co.uk/,54,1906,2.83%,14.55
https://www.quaerens.co.uk/holidaypark.html,50,3098,1.61%,7.73
https://www.quaerens.co.uk/foam-insulation.html,15,197,7.61%,11.55
https://www.quaerens.co.uk/crypto-scams.html,13,394,3.3%,26.93
https://www.quaerens.co.uk/other.html,12,311,3.86%,4.08
https://www.quaerens.co.uk/airbnb-refunds.html,8,2027,0.39%,8.79
https://www.quaerens.co.uk/contact.html,8,467,1.71%,12.91
https://www.quaerens.co.uk/guidance-section-75-evidence.html,5,1177,0.42%,4.83
https://www.quaerens.co.uk/about-quaerens.html,5,228,2.19%,6.82
https://www.quaerens.co.uk/mis-sold-spray-foam-insulation.html,5,70,7.14%,8.03
https://www.quaerens.co.uk/freeflightclaim.html,3,854,0.35%,20.57
https://www.quaerens.co.uk/parking-appeal.html,3,390,0.77%,31.81
https://www.quaerens.co.uk/guidance-train-delay-compensation-evidence.html,3,306,0.98%,6.85
https://www.quaerens.co.uk/mis-sold-static-caravan.html,3,191,1.57%,8.76
https://www.quaerens.co.uk/section75support.html,3,89,3.37%,5.89
https://www.quaerens.co.uk/terms.html,3,78,3.85%,10.71
https://www.quaerens.co.uk/guidance-pcp-car-finance-commission-documents.html,3,68,4.41%,8.19
https://www.quaerens.co.uk/misssold-bankaccounts.html,2,1266,0.16%,20.85
https://www.quaerens.co.uk/gym-cancellation.html,2,845,0.24%,10.97
https://www.quaerens.co.uk/cruise-compensation-recovery.html,2,311,0.64%,14.37
https://www.quaerens.co.uk/spanish-mortgages.html,2,193,1.04%,13.11
https://www.quaerens.co.uk/digital-platform-failure-claims.html,2,109,1.83%,7.36
https://www.quaerens.co.uk/guidance-mis-sold-static-caravan-evidence.html,2,80,2.5%,12.04
https://www.quaerens.co.uk/crossborder.html,2,59,3.39%,7.78
https://www.quaerens.co.uk/cancelled-train-refund.html,2,59,3.39%,11.64
https://www.quaerens.co.uk/guidance-spray-foam-mortgage-problems.html,2,45,4.44%,10.09
https://www.quaerens.co.uk/pension-issues.html,1,346,0.29%,37.16
https://www.quaerens.co.uk/app-fraud-bank-scam-refunds.html,1,115,0.87%,8.45
https://www.quaerens.co.uk/cyber-claims.html,1,111,0.9%,21.86
https://www.quaerens.co.uk/category-property.html,1,90,1.11%,12.07
https://www.quaerens.co.uk/category-digital.html,1,57,1.75%,18.67
https://www.quaerens.co.uk/guidance-holiday-cancellation-refund-evidence.html,1,56,1.79%,10.59
https://www.quaerens.co.uk/category-travel.html,1,35,2.86%,12.51
https://www.quaerens.co.uk/holiday-compensation.html,1,35,2.86%,22.74
https://www.quaerens.co.uk/guidance-housing-disrepair-evidence-checklist.html,1,27,3.7%,6.37
https://www.quaerens.co.uk/mis-sold-solar-panels.html,1,27,3.7%,9.56
https://www.quaerens.co.uk/parking-fine-debt-recovery.html,1,25,4%,8.08
https://www.quaerens.co.uk/claim.html?type=Crypto,1,23,4.35%,4.96
https://www.quaerens.co.uk/spray-foam-mortgage-refused.html,1,10,10%,5.3
https://www.quaerens.co.uk/guidance-crypto-blocked-withdrawal-evidence.html,1,9,11.11%,7.44
https://www.quaerens.co.uk/gym-refund-request.html,1,7,14.29%,5.57
https://www.quaerens.co.uk/lost-luggage.html,0,1381,0%,45.9
https://www.quaerens.co.uk/spray-foam-removal-costs.html,0,661,0%,18.14
https://www.quaerens.co.uk/guidance-gym-cancellation-letter-evidence.html,0,453,0%,12.32
https://www.quaerens.co.uk/car-finance.html,0,335,0%,12.41
https://www.quaerens.co.uk/timeshare.html,0,279,0%,8.53
https://www.quaerens.co.uk/newbuild-issues.html,0,231,0%,10.58
https://www.quaerens.co.uk/guidance-timeshare-contract-in-perpetuity-evidence.html,0,143,0%,16.31
https://www.quaerens.co.uk/train-delay.html,0,119,0%,10.24
https://www.quaerens.co.uk/travel-insurance-dispute-resolution.html,0,102,0%,25.82
https://www.quaerens.co.uk/housing-disrepair.html,0,100,0%,16.32
https://www.quaerens.co.uk/return-issues.html,0,98,0%,11.34
https://www.quaerens.co.uk/guidance-lost-luggage-claim-evidence.html,0,96,0%,8.34
https://www.quaerens.co.uk/guidance-private-parking-appeal-letter-evidence.html,0,90,0%,9.5
https://www.quaerens.co.uk/timeshare-contract-in-perpetuity.html,0,89,0%,14.35
https://www.quaerens.co.uk/privacy.html,0,83,0%,6.48
https://www.quaerens.co.uk/creditcard-fees.html,0,68,0%,16.03
https://www.quaerens.co.uk/guidance-private-parking-appeal-evidence.html,0,63,0%,8.59
https://www.quaerens.co.uk/guidance-mis-sold-packaged-bank-account-evidence.html,0,63,0%,38.06
https://www.quaerens.co.uk/guidance-pension-transfer-complaint-documents.html,0,58,0%,14.67
https://www.quaerens.co.uk/equity-release.html,0,57,0%,14.75
https://www.quaerens.co.uk/category-finance.html,0,56,0%,7.59
https://www.quaerens.co.uk/private-parking-appeal-letter.html,0,52,0%,66.65
https://www.quaerens.co.uk/equity-release-problems.html,0,49,0%,23.98
https://www.quaerens.co.uk/gdpr.html,0,45,0%,8.64
https://www.quaerens.co.uk/spanish-properties.html,0,43,0%,10.26
https://www.quaerens.co.uk/category-letters-escalation.html,0,43,0%,22.37
https://www.quaerens.co.uk/bpa-ipc-parking-appeals.html,0,41,0%,8.51
https://www.quaerens.co.uk/guidance-gym-cancellation-contract-evidence.html,0,41,0%,11.17
https://www.quaerens.co.uk/guidance.html,0,37,0%,8
https://www.quaerens.co.uk/es/,0,31,0%,7.84
https://www.quaerens.co.uk/flight-delay-compensation-letter.html,0,31,0%,21.97
https://www.quaerens.co.uk/guidance-spanish-property-deposit-refund-evidence.html,0,27,0%,8.41
https://www.quaerens.co.uk/cancelled-flight-claim-letter.html,0,27,0%,11.37
https://www.quaerens.co.uk/category-free-tools.html,0,24,0%,3.88
https://www.quaerens.co.uk/wrong-registration-parking-appeal.html,0,23,0%,8
https://www.quaerens.co.uk/energy-switch.html,0,22,0%,11.64
https://www.quaerens.co.uk/flight-delay.html,0,19,0%,6.11
https://www.quaerens.co.uk/denied-boarding-compensation-letter.html,0,16,0%,6.38
https://www.quaerens.co.uk/parking-appeal-evidence-checklist.html,0,16,0%,7.06
https://www.quaerens.co.uk/pdfs/spanish_supreme_court_2015.pdf,0,15,0%,7.13
https://www.quaerens.co.uk/guidance-flight-delay-claim-rejected-next-steps.html,0,15,0%,7.47
https://www.quaerens.co.uk/pdfs/marriott_marbella_case.pdf,0,14,0%,11.29
https://www.quaerens.co.uk/guidance-holiday-park-pitch-fees.html,0,13,0%,7.92
https://www.quaerens.co.uk/medical-negligence.html,0,13,0%,12.54
https://www.quaerens.co.uk/category-international.html,0,12,0%,10.58
https://www.quaerens.co.uk/timeshare-cooling-off-spanish-law.html,0,10,0%,6.7
https://www.quaerens.co.uk/spray-foam-survey-problems.html,0,10,0%,7.5
https://www.quaerens.co.uk/pdfs/silverpoint_case.pdf,0,10,0%,8
https://www.quaerens.co.uk/missed-train-connection-claim.html,0,10,0%,15.6
https://www.quaerens.co.uk/guidance-solar-panel-mis-selling-evidence.html,0,9,0%,6
https://www.quaerens.co.uk/guidance-energy-switch-complaint-evidence.html,0,8,0%,14.25
https://www.quaerens.co.uk/train-delay-compensation.html,0,8,0%,14.5
https://www.quaerens.co.uk/guidance-new-build-snagging-dispute-evidence.html,0,7,0%,56.57
https://www.quaerens.co.uk/guidance-app-fraud-bank-evidence.html,0,6,0%,6.33
https://www.quaerens.co.uk/solar-panel-finance-claim.html,0,5,0%,8.4
https://www.quaerens.co.uk/energy-switch-complaint-letter.html,0,5,0%,9.6
https://www.quaerens.co.uk/media-resources.html,0,5,0%,13.2
https://www.quaerens.co.uk/claim-form-energy.html,0,5,0%,28.2
https://www.quaerens.co.uk/guidance-blocked-online-account.html,0,4,0%,6.75
https://www.quaerens.co.uk/sale-and-rent-back-claims.html,0,4,0%,16.75
https://www.quaerens.co.uk/holiday-hotel-complaint.html,0,4,0%,17
https://www.quaerens.co.uk/guidance-spanish-mortgage-floor-clause-irph-documents.html,0,4,0%,27.25
https://www.quaerens.co.uk/pcp-car-finance-claim.html,0,3,0%,4.67
https://www.quaerens.co.uk/instagram.html,0,3,0%,9.33
https://www.quaerens.co.uk/hidden-commission-car-finance.html,0,3,0%,12
https://www.quaerens.co.uk/guidance-timeshare-exit-evidence-checklist.html,0,3,0%,28
https://www.quaerens.co.uk/guidance-section-75-rejected-claim.html,0,3,0%,36
https://www.quaerens.co.uk/equity-release-investment-losses.html,0,3,0%,43
https://www.quaerens.co.uk/holiday-park-resale-exit-problems.html,0,2,0%,6.5
https://www.quaerens.co.uk/holiday-park-site-fees-dispute.html,0,2,0%,6.5
https://www.quaerens.co.uk/energy-billing-dispute-letter.html,0,2,0%,11
https://www.quaerens.co.uk/pdfs/la_pinta_beach_resort_case.pdf,0,2,0%,11
https://www.quaerens.co.uk/es/propiedades-en-espana/,0,2,0%,17.5
https://www.quaerens.co.uk/guidance-equity-release-complaint-evidence.html,0,2,0%,24
https://www.quaerens.co.uk/equity-release-property-schemes.html,0,2,0%,27.5
https://quaerens.co.uk/,0,1,0%,1
https://www.quaerens.co.uk/unfair-gym-contract-cancellation.html,0,1,0%,11
https://www.quaerens.co.uk/pdfs/club_la_costa_case_2025.pdf,0,1,0%,15
https://www.quaerens.co.uk/guidance-equity-release-inheritance-loss.html,0,1,0%,20
https://www.quaerens.co.uk/guidance-app-fraud-bank-refused-refund.html,0,1,0%,28
https://www.quaerens.co.uk/solar-panels-not-working.html,0,1,0%,47
https://www.quaerens.co.uk/guidance-spray-foam-removal-costs.html,0,1,0%,52