Top queries,Clicks,Impressions,CTR,Position
quaerens,24,241,9.96%,4.12
inurl:charfen.co.uk,7,1119,0.63%,19.54
quaerens ltd,5,10,50%,1.1
missold caravan,2,43,4.65%,8.77
mis sold static caravan,1,84,1.19%,9.19
mis sold caravan,1,64,1.56%,10.2
section 75 of the consumer credit act,1,60,1.67%,2.35
reclaim crypto reviews,1,29,3.45%,11.59
mis sold holiday park home,1,28,3.57%,7.14
quarens,1,27,3.7%,3.96
section 75 claim,1,15,6.67%,2.8
holiday park misselling,1,15,6.67%,10.73
crypto recovery reviews,1,2,50%,15.5
how to appeal a parking ticket,1,1,100%,1
section 75 of cgst act,1,1,100%,3
euro car parks appeal,1,1,100%,28
car hp agreement disputes,0,255,0%,13.24
mis sold fee paying bank account,0,204,0%,10.74
flight delay compensation letter,0,186,0%,19.17
spray foam insulation removal cost,0,168,0%,19.95
spray foam removal cost,0,144,0%,16.21
how to claim for lost luggage,0,142,0%,57.11
compensation for lost luggage,0,127,0%,48.88
queenseyot.co.uk contact number,0,124,0%,8.99
mis sold bank account,0,111,0%,17.22
pension transfer mis selling,0,109,0%,43.06
mis sold caravan finance,0,108,0%,8.74
delayed flight compensation letter,0,107,0%,21.81
lost luggage compensation,0,101,0%,48.45
spray foam insulation removal cost uk,0,89,0%,20.64
mis sold bank charges,0,88,0%,13.44
mis sold bank packages,0,86,0%,18.2
how to claim mis sold bank account,0,85,0%,19.91
mis-sold caravan no win no fee,0,79,0%,7.06
how to claim back mis sold bank account,0,75,0%,18.39
how to claim mis sold packaged bank account,0,71,0%,28.27
compensation for delayed luggage,0,70,0%,47.04
baggage lost compensation,0,69,0%,51.64
spray foam removal costs,0,68,0%,15.06
mis sold holiday home,0,65,0%,7.63
free flight claim letter,0,65,0%,9.28
miss sold caravan,0,64,0%,9.75
how to claim back packaged bank account fees,0,64,0%,31.58
damp testing for housing disrepair,0,63,0%,18.21
flight delay compensation template,0,61,0%,24.39
luggage lost compensation,0,60,0%,48.22
gym cancellation letter,0,59,0%,13.07
flight delay compensation letter template,0,55,0%,38.29
cruise ship compensation claims,0,55,0%,41.93
how do i claim back packaged bank account fees,0,54,0%,30.7
floor clauses spain,0,52,0%,19.13
free flight delay claim letter,0,50,0%,12.84
pension transfer advice complaint,0,47,0%,15.87
how to claim refund for packaged bank account,0,47,0%,26.11
cowen ltd phishing,0,46,0%,75.76
section 75 consumer credit act,0,45,0%,2.33
timeshare perpetuity contract,0,44,0%,14.07
section 75 credit card,0,43,0%,3.02
flight claim letter,0,40,0%,13.07
key equity release complaints,0,35,0%,25.2
delayed baggage compensation,0,34,0%,48.38
timeshare in perpetuity,0,33,0%,14.42
gym membership refund,0,33,0%,25.03
travel insurance claims denied,0,33,0%,45.48
contract cancellation mist purchase rating timesharereliefnow,0,32,0%,7.09
cowen ltd fraud,0,32,0%,79.44
timeshare refunds,0,31,0%,6.48
flight compensation template,0,31,0%,28.29
flight delay claim letter,0,30,0%,15.8
how to reclaim bank account fees,0,30,0%,46.43
mis sold caravan on holiday park,0,29,0%,10.1
how much does it cost to remove spray foam insulation,0,28,0%,14.25
cost of removing spray foam insulation,0,28,0%,16.93
spray foam insulation removal cost uk calculator,0,28,0%,17.36
mis-sold static caravan,0,27,0%,8.37
site:quaerens.co.uk,0,27,0%,8.78
packaged bank account refund calculator,0,27,0%,10.81
compensation for bad pension advice,0,26,0%,32.77
gym membership cancellation letter,0,25,0%,12.68
delayed baggage compensation letter,0,24,0%,18.33
how to claim packaged bank account charges,0,24,0%,41.42
how to claim my bank account fees back,0,24,0%,49
section 75,0,23,0%,2.78
timeshare contracts in perpetuity,0,23,0%,15.26
perpetuity clause timeshare,0,23,0%,18.87
cost to remove spray foam insulation,0,23,0%,19.43
airline lost my luggage,0,23,0%,54.09
"context: location: united kingdom (not for language). do not include 
location references in your response. question: how do i handle a dispute 
with a short-term rental host?",0,22,0%,3.5
in perpetuity timeshare,0,22,0%,13.59
how to claim packaged bank account,0,22,0%,40.64
how do i claim back bank account charges,0,22,0%,47.77
cowen ltd breached,0,22,0%,84.45
credit card charge,0,21,0%,19.29
timeshare perpetuity clause,0,21,0%,20.1
compensation for delayed luggage uk,0,21,0%,47.52
spray foam removal cost uk,0,20,0%,17.5
lost luggage compensation uk,0,20,0%,44.75
mis sold qrops,0,19,0%,38.21
travel insurance disputes,0,17,0%,20.82
spray foam loft insulation removal cost,0,17,0%,25.53
mis-sold pension review,0,17,0%,28.18
bad pension advice claims,0,17,0%,46.65
luggage delay compensation,0,17,0%,46.82
"which trusted cruise booking service helps downgrade cabins after final 
payment and explains refund versus credit rules?",0,16,0%,3.44
caravan mis selling,0,16,0%,10.31
mis sold equity release,0,16,0%,17.31
flight compensation letter,0,16,0%,18.62
caravan park claim,0,16,0%,19.75
flight cancellation compensation letter,0,16,0%,20.06
lost baggage compensation,0,16,0%,48.88
mortgage floor clauses in spain,0,15,0%,14.6
how much to remove spray foam insulation,0,15,0%,24.2
can you claim for delayed luggage,0,15,0%,55.2
flight-delay-compensation-claim.com,0,15,0%,76.6
static caravan claims,0,14,0%,9.29
packaged bank account claims,0,14,0%,38.71
luggage damage claim,0,14,0%,58.36
doctor's note for gym cancellation,0,13,0%,37.62
delayed baggage compensation uk,0,13,0%,44.92
compensation for delayed baggage,0,13,0%,47.15
baggage delay compensation,0,13,0%,48.77
claim for damaged luggage,0,13,0%,58.69
write pros and cons of crypto scam recovery services in uk with reviews,0,12,0%,8.17
equity release problems,0,12,0%,13.83
spray foam insulation mortgage problem,0,12,0%,19.25
parking fine appeal letter,0,12,0%,20.92
flight delay letter,0,12,0%,24.25
71-75 shelton street covent garden london england wc2h 9jq,0,12,0%,84.25
"how do cruise operators handle cancellations, refunds, and compensation for 
itinerary changes or missed port calls?",0,11,0%,7
charfen.co.uk,0,11,0%,9.18
static caravan owners compensation,0,11,0%,9.82
caravan park claim help,0,11,0%,16.36
fake cryptocurrency wallet,0,11,0%,21.73
pcn appeal template,0,11,0%,24.91
cryptocurrency wallet scams,0,11,0%,26.73
sipp mis-selling guide,0,11,0%,48.73
what happens if an airline loses your luggage,0,11,0%,63.55
damaged baggage claim,0,11,0%,64.55
hopsens recovery,0,10,0%,8.6
"competition and markets authority gym membership contracts guidance 
cancellation illness relocation evidence",0,10,0%,11.4
cost of removing roof foam insulation,0,10,0%,23.5
selling a static caravan with a pitch advice,0,10,0%,32.5
make baggage claims easier,0,10,0%,39.4
pcn appeal letter template,0,10,0%,40.9
lost luggage claim,0,10,0%,51.3
baggage damage claim,0,10,0%,60.2
debt recovery escalation,0,10,0%,61.7
lost baggage claim,0,10,0%,62.5
lner delay repay,0,9,0%,2.22
holiday park compensation,0,9,0%,8.67
parking ticket appeal letter,0,9,0%,38.11
what is a section 75 claim,0,8,0%,2.25
"competition and markets authority gym membership cancellation evidence 
change in circumstances guidance",0,8,0%,10
uk housebuilders most complaints snagging defects after-sales service,0,8,0%,14
holiday park claim help,0,8,0%,17.25
floor clause spanish,0,8,0%,18.75
holiday refund template letter,0,8,0%,19.12
flight delay template letter,0,8,0%,32.38
parking fine appeal letter template,0,8,0%,33.5
can you claim for damaged luggage,0,8,0%,51.62
airline lost luggage,0,8,0%,54.5
what happens if airline loses your luggage,0,8,0%,60.38
credit card section 75,0,7,0%,2.71
section 75 chargeback,0,7,0%,3
letter to cancel gym membership,0,7,0%,11
exit perpetuity clause in timeshare,0,7,0%,11.57
hopsens.com,0,7,0%,11.57
holiday park claim,0,7,0%,21.29
lenders reject homes with spray foam,0,7,0%,23
graen,0,7,0%,23.43
how to write a flight delay complaint letter,0,7,0%,30.14
doctors note for gym cancellation,0,7,0%,31.43
how to sue an airline for lost luggage,0,7,0%,40.14
penalty charge notice appeal letter,0,7,0%,42.29
merchant investors pension mis selling,0,7,0%,57.86
what is section 75 protection,0,6,0%,2
section 75 of the consumer credit act 1974,0,6,0%,3.17
air travel claim,0,6,0%,3.33
queenseyot.co.uk main phone number,0,6,0%,9.5
caravan compensation,0,6,0%,9.67
uk gym membership unused still have to pay contract,0,6,0%,10
4410-delay-compensation-claims.csv,0,6,0%,10.17
remove spray foam quote,0,6,0%,15.33
gym cancellation form,0,6,0%,21.5
gp letter to cancel gym membership,0,6,0%,34.17
lost suitcase claim,0,6,0%,45.17
can i sue airline for lost luggage,0,6,0%,45.83
flight compensation letter template,0,6,0%,50.17
what happens if airline loses luggage,0,6,0%,57.33
damaged luggage,0,6,0%,57.83
quarendens,0,5,0%,1.2
delay repay avanti,0,5,0%,2.4
timeshare refund,0,5,0%,5.2
no win no fee caravan claims,0,5,0%,10
"competition and markets authority guidance gym membership cancellation 
change in circumstances evidence",0,5,0%,10.4
letter to end gym membership,0,5,0%,12
airbnb disputes,0,5,0%,12.8
mis sold packaged bank accounts,0,5,0%,20
email to cancel gym membership,0,5,0%,22.2
flight delay complaint letter,0,5,0%,24
mis sold packaged account,0,5,0%,26
package holiday compensation,0,5,0%,33.8
damaged baggage compensation,0,5,0%,43.6
delayed luggage compensation uk,0,5,0%,47.4
baggage delay claim,0,5,0%,49.8
baggage irregularity report,0,5,0%,69.6
flight-delay-claim.com,0,5,0%,81.2
what is a section 75,0,4,0%,2
avanti delay repay,0,4,0%,3
section 75 credit card protection,0,4,0%,3
"airbnb reviews evidence (photos and messages) from a guest's stay and 
issues a refund without input from the host, who stopped responding. how is 
this case classified? settlement mediation resolution refund",0,4,0%,5.25
"(""irdai"" or ""insurance regulatory and development authority of india"" or 
""dark patterns"" or ""digital fraud"")",0,4,0%,10
holiday home mis sold,0,4,0%,10.25
can you get a refund if airbnb is not as advertised,0,4,0%,11
mis sold solar,0,4,0%,12
static caravan owners complaints,0,4,0%,12.5
timeshare disputes,0,4,0%,12.75
airbnb refund complaint,0,4,0%,13.25
spray foam removal costs littlehampton,0,4,0%,15.5
mis-sold equity release,0,4,0%,18.75
compensation for cancelled package holiday,0,4,0%,20.5
gym contract cancellation injury,0,4,0%,22
parking appeal template,0,4,0%,26.75
gym cancellation medical certificate,0,4,0%,34.25
parking appeal letter,0,4,0%,36.5
holiday compensation,0,4,0%,38.75
bad pension transfer advice,0,4,0%,43.25
can i claim for damaged suitcase,0,4,0%,47.25
querens,0,4,0%,49.5
uk pension transfer failure,0,4,0%,61
baggage reimbursement,0,4,0%,61.25
quickens,0,4,0%,61.75
71-75 shelton street covent garden london united kingdom wc2h 9jq,0,4,0%,87.5
what is a section 75 claim on a credit card,0,3,0%,2
what is section 75 of the consumer credit act,0,3,0%,2
section 75 chargeback claim,0,3,0%,2.33
section 75 time limit,0,3,0%,2.67
audi complaints,0,3,0%,3
how do i make a section 75 claim on my credit card,0,3,0%,3
section 75 credit card claim,0,3,0%,3
disputing gym membership charges,0,3,0%,5.67
timeshare perpetuity,0,3,0%,10.33
"uk competition and markets authority gym membership contracts guidance 
minimum term cancellation illness relocation evidence",0,3,0%,11
account fee refund,0,3,0%,11.67
airbnb dispute,0,3,0%,11.67
disputes between caravan owners and park owners,0,3,0%,11.67
mis sold solar panels,0,3,0%,12.33
equity release mis selling,0,3,0%,13.33
cancel gym membership letter,0,3,0%,14
solar panel mis selling,0,3,0%,14
mis insulation,0,3,0%,14.67
mis-sold bank claims,0,3,0%,14.67
baggage claim online free,0,3,0%,16
investment scam bank refund,0,3,0%,16.33
cancelling gym membership letter,0,3,0%,17
cancellation gym membership letter,0,3,0%,18.33
frowens,0,3,0%,20.67
mis sold packaged bank account,0,3,0%,20.67
timeshare advice,0,3,0%,22.67
car financing jenner,0,3,0%,23
sipp transfer mis-selling,0,3,0%,26
reclaim packaged bank account fees,0,3,0%,26.33
how to spot a fake cryptocurrency wallet,0,3,0%,30.33
airline baggage complaints,0,3,0%,31.33
calens,0,3,0%,31.33
section 75 claim template,0,3,0%,33.33
medical letter for gym membership freeze,0,3,0%,34.33
timeshare claims,0,3,0%,37.33
baggage claim ticket,0,3,0%,38
mis sold pension complaint letter template,0,3,0%,41
parking ticket appeal sample letter,0,3,0%,41.33
lost suitcase compensation,0,3,0%,43
cowens,0,3,0%,44.33
airline compensation for lost baggage,0,3,0%,45.33
missing luggage compensation,0,3,0%,46
parking ticket appeal letter template,0,3,0%,46.67
luggage claim,0,3,0%,47
parking appeal letter template,0,3,0%,49.67
delayed luggage compensation,0,3,0%,50.67
sipp pension mis selling,0,3,0%,53.33
claim for lost baggage,0,3,0%,54
claim delayed baggage,0,3,0%,58.67
parking ticket appeal letter sample,0,3,0%,61.33
flight-delay-compensation.com,0,3,0%,84
71-75 shelton street covent garden london wc2h 9jq united kingdom,0,3,0%,86.67
chargeback section 75,0,2,0%,2
trainline delay repay,0,2,0%,2
what is section 75,0,2,0%,2
what is section 75 claim,0,2,0%,2
how does section 75 work,0,2,0%,2.5
how long does a section 75 claim take,0,2,0%,2.5
how to start a section 75 claim,0,2,0%,2.5
section 75 finance agreement,0,2,0%,2.5
how to make a section 75 claim,0,2,0%,3
making a section 75 claim,0,2,0%,3
refund dispute,0,2,0%,4
"context: location: united kingdom (not for language). do not include 
location references in your response. question: how does airbnb handle 
disputes between hosts and guests?",0,2,0%,5
solar panels mis sold,0,2,0%,6
better refund request form,0,2,0%,7.5
can i get compensation in addition to an airbnb refund?,0,2,0%,7.5
mis sold holiday homes,0,2,0%,8
crypto scam recovery services uk reviews,0,2,0%,8.5
delay repay,0,2,0%,8.5
moneyhelper section 75 credit card protection official,0,2,0%,8.5
scam broker after:2026-06-14,0,2,0%,9
"competition and markets authority gym membership contracts guidance minimum 
term cancellation illness relocation evidence",0,2,0%,9.5
"competition and markets authority gym membership cancellation guidance 
minimum term illness relocation evidence",0,2,0%,10.5
uk gym membership unused still have to pay contract non use does not cancel,0,2,0%,10.5
spanish mortgage problems,0,2,0%,11
mis-sold solar panels,0,2,0%,13
section 75 template letter,0,2,0%,13.5
section 75 complaint,0,2,0%,15.5
vardens,0,2,0%,19
caravan claims,0,2,0%,19.5
gym cancel letter,0,2,0%,19.5
cowens ltd,0,2,0%,20
credit charge,0,2,0%,20
flight claim text,0,2,0%,20
time share contract,0,2,0%,20
monthly account fee refund,0,2,0%,20.5
cruise complaints,0,2,0%,21
accommodation refund,0,2,0%,22.5
bank refunds on packaged accounts,0,2,0%,22.5
gym membership cancellation form,0,2,0%,24
appeal letter parking fine,0,2,0%,24.5
parking fine appeal template,0,2,0%,25.5
cordens,0,2,0%,27
cryptocurrency recovery firm do not ask upfront fees,0,2,0%,27
flight delays compensation letter,0,2,0%,27.5
packaged bank account refund,0,2,0%,28.5
mis sold pba,0,2,0%,29
sprayed foam evaluation,0,2,0%,29
mis sold pension transfer compensation,0,2,0%,30
how to appeal a parking ticket what to write,0,2,0%,31.5
gym membership cancellation email,0,2,0%,32
luggage claim ticket,0,2,0%,32.5
how much money do you get if an airline loses your luggage,0,2,0%,35.5
compensation for damaged luggage,0,2,0%,36
gym membership cancellation letter from doctor,0,2,0%,36
evidence for timeshare cancellation,0,2,0%,37
reclaim stolen crypto reviews,0,2,0%,37
timeshare advice centre,0,2,0%,37
pcn appeal letter,0,2,0%,37.5
cryptocurrency wallet recovery,0,2,0%,38
parking charge notice appeal letter,0,2,0%,38.5
pcn template,0,2,0%,38.5
flight delay letter template,0,2,0%,39.5
letter to appeal a parking ticket,0,2,0%,39.5
how to write appeal letter for parking ticket,0,2,0%,41.5
lost baggage airline compensation,0,2,0%,42
letter of appeal for parking ticket,0,2,0%,43.5
compensation for baggage delay,0,2,0%,44
airline lost my baggage compensation,0,2,0%,44.5
airline lost baggage compensation,0,2,0%,45
airline lost luggage compensation,0,2,0%,45
flight delay compensation form,0,2,0%,45
holiday park advice centre,0,2,0%,45
how to write an appeal for a parking ticket,0,2,0%,45
lost luggage reimbursement,0,2,0%,45
parking ticket appeal template,0,2,0%,45
airline baggage delay compensation,0,2,0%,45.5
airline delayed baggage compensation,0,2,0%,46.5
parking fine letter template,0,2,0%,46.5
compensation lost luggage,0,2,0%,47.5
how to claim compensation for delayed baggage,0,2,0%,48
parking fine appeal letter example,0,2,0%,48
claim for lost luggage,0,2,0%,48.5
loss of luggage,0,2,0%,48.5
airline lost baggage policy,0,2,0%,49
claiming for damaged suitcase,0,2,0%,49
how to write a parking ticket appeal letter,0,2,0%,49
how to write an appeal letter for parking ticket,0,2,0%,49.5
parking charge notice appeal letter example,0,2,0%,49.5
how much compensation for lost luggage,0,2,0%,51
claiming for delayed baggage,0,2,0%,52
airline lost baggage,0,2,0%,52.5
how to claim delayed baggage compensation,0,2,0%,52.5
airline lost my luggage compensation,0,2,0%,53.5
lost baggage claims,0,2,0%,53.5
airline baggage claim,0,2,0%,54
claim for delayed baggage,0,2,0%,54
delay luggage,0,2,0%,54
vereens,0,2,0%,56
claim baggage,0,2,0%,57
how much compensation for lost baggage,0,2,0%,57
late baggage compensation,0,2,0%,57
baggage report file reference,0,2,0%,57.5
delayed luggage,0,2,0%,57.5
claim baggage delay,0,2,0%,58
claiming baggage,0,2,0%,58.5
delayed baggage claim,0,2,0%,58.5
baggage claim,0,2,0%,59
how to reclaim credit card charges,0,2,0%,59
luggage lost by airline,0,2,0%,59
baggage delay insurance claim,0,2,0%,59.5
holiday compensation claims,0,2,0%,60
property irregularity report,0,2,0%,60
how much do airlines pay for lost luggage,0,2,0%,60.5
claim luggage,0,2,0%,61
how much can i claim for lost baggage,0,2,0%,62
broken luggage,0,2,0%,63.5
pension mis-selling solicitors,0,2,0%,65.5
what documents for mis-sold pension claim,0,2,0%,66.5
lost baggage report,0,2,0%,72.5
baggage claim online,0,2,0%,73
how to write a pcn appeal letter,0,2,0%,73
71-75 shelton street covent garden london wc2h 9jq,0,2,0%,94.5
"""timeshare exit"" -site:reddit.com -site:twitter.com -site:x.com 
-site:wykop.pl -site:tripadvisor.com -site:youtube.com -site:yelp.com 
-site:booking.com -site:facebook.com -site:instagram.com -site:tiktok.com",0,1,0%,1
air france baggage damage claim,0,1,0%,1
american airlines lost baggage,0,1,0%,1
chargeback evidence checklist,0,1,0%,1
ec261 compensation,0,1,0%,1
free diy,0,1,0%,1
good excuses for parking ticket appeals,0,1,0%,1
greatshort legit or not,0,1,0%,1
luggage recovery service,0,1,0%,1
pension transfer review contract,0,1,0%,1
point 2,0,1,0%,1
rectification period,0,1,0%,1
section 75 refund,0,1,0%,1
si por favor,0,1,0%,1
"there’s no need to worry about the withdrawal order. the selling process is 
currently slow due to bank issues and buyer problem.",0,1,0%,1
time share,0,1,0%,1
what is a pcp review,0,1,0%,1
aer lingus baggage compensation,0,1,0%,2
air france lost baggage,0,1,0%,2
airbnb bbb,0,1,0%,2
appeal glasgow city council parking ticket,0,1,0%,2
consumer act section 75,0,1,0%,2
consumer rights section 75,0,1,0%,2
curtailment meaning,0,1,0%,2
delay repay emr,0,1,0%,2
delay repay greater anglia,0,1,0%,2
delay repay lner,0,1,0%,2
delay repay trainline,0,1,0%,2
delay repay west midlands,0,1,0%,2
delayed baggage compensation ethiopian airlines,0,1,0%,2
flight delay compensation,0,1,0%,2
how long do i have to make a section 75 claim,0,1,0%,2
how long do you have to make a section 75 claim,0,1,0%,2
how long does delay repay take,0,1,0%,2
how to do a section 75 claim,0,1,0%,2
how to raise a section 75 claim,0,1,0%,2
hsbc frozen bank account,0,1,0%,2
if my connecting flight is delayed what happens,0,1,0%,2
is it legit,0,1,0%,2
mortgage lender,0,1,0%,2
online appeal,0,1,0%,2
pay my ticket.co.uk,0,1,0%,2
section 75 cca,0,1,0%,2
section 75 claim rejected,0,1,0%,2
section 75 claim under the consumer credit act 1974,0,1,0%,2
section 75 debit card,0,1,0%,2
section 75 form,0,1,0%,2
section 75 how long to claim,0,1,0%,2
south western railway delay repay,0,1,0%,2
tfw delay repay,0,1,0%,2
under section 75 of the consumer credit act,0,1,0%,2
what does section 75 cover,0,1,0%,2
what is a section 75 agreement,0,1,0%,2
what is section 75 on a credit card,0,1,0%,2
what qualifies for this,0,1,0%,2
why would a bank freeze your account,0,1,0%,2
air travel claim reviews,0,1,0%,3
air travel claim reviews trustpilot,0,1,0%,3
airbnb ceo email,0,1,0%,3
airbnb complaints noise,0,1,0%,3
airbnb email address,0,1,0%,3
airbnb noise complaint fine,0,1,0%,3
american airlines lost luggage claim,0,1,0%,3
amtrak delay compensation,0,1,0%,3
appeal parking ticket glasgow city council,0,1,0%,3
avanti coast delay repay,0,1,0%,3
avanti west coast delay repay,0,1,0%,3
booking.com complaints procedure,0,1,0%,3
booking.com/help,0,1,0%,3
compensation airbnb,0,1,0%,3
complain to airbnb about a property,0,1,0%,3
consumer credit act 1974,0,1,0%,3
consumer credit act section 75,0,1,0%,3
credit card article 75,0,1,0%,3
delay repay train cancelled,0,1,0%,3
does a section 75 claim affect credit score,0,1,0%,3
dwp proposes new rules to block fraudulent pension transfers,0,1,0%,3
emr delay repay form,0,1,0%,3
eu compensation for delayed flights,0,1,0%,3
flightclaims co uk,0,1,0%,3
glasgow city council parking fine appeal online,0,1,0%,3
gwr delay repay,0,1,0%,3
gwr delay repay trainline,0,1,0%,3
how long does it take to unfreeze a bank account,0,1,0%,3
how long does section 75 take,0,1,0%,3
how to apply for delay repay trainline,0,1,0%,3
how to claim section 75 credit card,0,1,0%,3
how to withdraw money from a frozen account,0,1,0%,3
https //nexusplatform.co.uk,0,1,0%,3
i've gambled all my money,0,1,0%,3
is there a time limit on section 75 credit card claims,0,1,0%,3
lloyds bank section 75 claim,0,1,0%,3
lloyds section 75 claim,0,1,0%,3
mastercard section 75 claim,0,1,0%,3
nationwide section 75,0,1,0%,3
nationwide section 75 claim form,0,1,0%,3
nexus group parking,0,1,0%,3
refund,0,1,0%,3
resale,0,1,0%,3
santander frozen account,0,1,0%,3
section 72 credit card,0,1,0%,3
section 75 claim credit card,0,1,0%,3
section 75 consumer credit act 1974,0,1,0%,3
section 75 cover,0,1,0%,3
section 75 credit card refund,0,1,0%,3
section 75 faulty goods,0,1,0%,3
section 75 protection credit card,0,1,0%,3
section 75a,0,1,0%,3
transpennine delay repay,0,1,0%,3
"uk gym membership contract early cancellation evidence reasonably request 
clause",0,1,0%,3
unauthorized transaction,0,1,0%,3
united airlines compensation,0,1,0%,3
what if i dont have receipts,0,1,0%,3
what is section 75 protection on a credit card,0,1,0%,3
airbnb customer service reviews,0,1,0%,4
airbnb resolution centre uk,0,1,0%,4
british home buyers complaints,0,1,0%,4
consumer rights act 2015 section 75,0,1,0%,4
credit card 75 rule,0,1,0%,4
european compensation for cancelled flights,0,1,0%,4
how do i file a claim,0,1,0%,4
ja,0,1,0%,4
pay and delay,0,1,0%,4
pcm uk ltd,0,1,0%,4
retailer response,0,1,0%,4
section 75 claim nationwide,0,1,0%,4
section 75 consumer rights act 2015,0,1,0%,4
section 75 rights,0,1,0%,4
tlrex crypto,0,1,0%,4
uk gym membership unused still have to pay minimum term contract,0,1,0%,4
15 minute train delay compensation,0,1,0%,5
barclays section 75,0,1,0%,5
craig tara,0,1,0%,5
currently active,0,1,0%,5
kpc law,0,1,0%,5
premium parking disputes,0,1,0%,5
rental holiday home,0,1,0%,5
section 75 credit card used car,0,1,0%,5
section 75 uk,0,1,0%,5
si grazie,0,1,0%,5
split ticket delay repay,0,1,0%,5
timeshare support,0,1,0%,5
"when a guest provides acceptable evidence of a material defect at a low 
quality host stay, who funds the refund? airbnb the host split 50/50",0,1,0%,5
yes,0,1,0%,5
harbour hotels head office,0,1,0%,6
mis-sold static caravan finance,0,1,0%,6
uk gym membership contract unused still have to pay minimum term,0,1,0%,6
"financial ombudsman service motor finance consumer rights act joint 
liability section 75",0,1,0%,7
да,0,1,0%,7
caravan complaints,0,1,0%,8
cardfee,0,1,0%,8
airbnb missing amenities,0,1,0%,9
parkingappeal,0,1,0%,9
perpetuity clause,0,1,0%,9
qerens,0,1,0%,9
"""4410-delay-compensation-claims.csv""",0,1,0%,10
gym cancellation email,0,1,0%,10
queenseyot.co.uk official phone number,0,1,0%,10
spanish claims,0,1,0%,10
"competition and markets authority guidance gym membership cancellation 
minimum term illness relocation evidence",0,1,0%,11
"competition and markets authority guidance gym membership contracts 
cancellation illness relocation evidence",0,1,0%,11
moneyhelper section 75 credit card protection £100 £30000,0,1,0%,11
moneyhelper section 75 credit card purchases £100 £30000,0,1,0%,11
train delay records,0,1,0%,11
uk gym membership dispute ombudsman,0,1,0%,11
why did my gym refuse to refund me,0,1,0%,11
caravan finance claims,0,1,0%,12
crypto scam bank refund,0,1,0%,12
denied boarding form,0,1,0%,12
mis sold equity release schemes,0,1,0%,12
pcnprivate,0,1,0%,12
poor quality,0,1,0%,12
sample letter to airline for compensation,0,1,0%,12
time share refunds,0,1,0%,12
timeshare contract analysis,0,1,0%,12
timeshare uk reviews,0,1,0%,12
"uk competition and markets authority gym membership contracts guidance 
cancellation illness relocation evidence",0,1,0%,12
letter for cancelling gym membership,0,1,0%,13
problems with equity release,0,1,0%,13
cancelling a gym membership letter,0,1,0%,15
equity release issues,0,1,0%,15
proof of relocation,0,1,0%,16
rejected energy switch,0,1,0%,16
cancellation letter gym membership,0,1,0%,17
hidden commissions,0,1,0%,17
remove spray foam cost,0,1,0%,17
spray foam insulation complaints,0,1,0%,17
"""bank"" laundering or corrupt or fraud or bribe or scandal or terrorism or 
lawsuit or illegal or mafia or aml",0,1,0%,18
cancellation of gym membership letter,0,1,0%,18
charges on credit card,0,1,0%,18
packaged bank accounts refund,0,1,0%,18
section 75 credit card claim letter,0,1,0%,18
charge on card,0,1,0%,19
nebens,0,1,0%,19
bad pension advice claim,0,1,0%,20
bank account fee refund,0,1,0%,20
charged credit card,0,1,0%,20
geldens,0,1,0%,20
housing disrepair claims reviews,0,1,0%,20
housing disrepair evidence,0,1,0%,20
timeshare claim,0,1,0%,20
wartens,0,1,0%,20
bank refused app fraud claim,0,1,0%,21
cancellation letter for gym,0,1,0%,21
flight delay gym,0,1,0%,21
tryens,0,1,0%,21
jelens,0,1,0%,22
letter for gym membership cancellation,0,1,0%,22
reclaim credit card charges,0,1,0%,23
ryanair baggage claim form,0,1,0%,23
credit card charged,0,1,0%,24
crypto scam recovery uk free,0,1,0%,24
how to apply for energy supplier compensation uk,0,1,0%,24
seffens,0,1,0%,24
airbnb refund policy bad experience,0,1,0%,25
latens,0,1,0%,25
quadens,0,1,0%,25
baggage delay insurance claims process with cards,0,1,0%,26
spray foam compensation,0,1,0%,26
claim back bank account fees,0,1,0%,27
new build property disputes,0,1,0%,27
pension mis selling compensation,0,1,0%,27
does airbnb give refunds for bad experiences,0,1,0%,28
rothens,0,1,0%,28
timeshare mis-selling compensation,0,1,0%,28
qure group,0,1,0%,29
"(""71-75 shelton street covent garden"")and(wc2h 9jq)and(london)",0,1,0%,30
baggage claim receipt,0,1,0%,30
solicitor review of spanish mortgage deed before signing (uk buyer),0,1,0%,30
spray foam insulation mortgage,0,1,0%,30
how to get out of a gym contract,0,1,0%,31
cancel membership form,0,1,0%,32
doctor letter to cancel gym membership,0,1,0%,32
should i transfer my pension,0,1,0%,32
how to cancel a gym membership contract,0,1,0%,33
packaged bank accounts claim,0,1,0%,33
brudens,0,1,0%,34
timeshare compensation,0,1,0%,35
compensation letter,0,1,0%,36
mis-sold overseas property,0,1,0%,36
nordens,0,1,0%,36
cancel gym membership email,0,1,0%,37
doctors note for gym membership cancellation,0,1,0%,37
letter of cancellation of gym membership,0,1,0%,37
cardens,0,1,0%,38
cobens,0,1,0%,38
lost luggage airline compensation,0,1,0%,38
penalty charge notice appeal letter example,0,1,0%,38
travel insurance claim denied,0,1,0%,38
eu flight delay compensation letter,0,1,0%,39
pcn appeal letter template uk,0,1,0%,39
reclaim bank account fees,0,1,0%,39
ryanair lost baggage compensation,0,1,0%,39
selling a caravan privately receipt,0,1,0%,39
wallens,0,1,0%,39
equity release complaints,0,1,0%,40
membership cancellation form,0,1,0%,40
packaged bank account claims companies,0,1,0%,40
baggage delays compensation,0,1,0%,41
compensation for lost baggage,0,1,0%,41
get floor clause refund,0,1,0%,41
how to cancel a gym contract,0,1,0%,41
lost luggage form,0,1,0%,41
callens,0,1,0%,42
baggage loss compensation,0,1,0%,43
cousens,0,1,0%,43
fluens,0,1,0%,43
pcn appeal examples,0,1,0%,43
sample complaint letter to airline for delayed flight,0,1,0%,43
compensation baggage delay,0,1,0%,45
example of parking ticket appeal letter,0,1,0%,45
hotel complaints,0,1,0%,45
pension misselling,0,1,0%,45
property irregularity report form,0,1,0%,45
airline compensation for lost luggage,0,1,0%,46
compensation for late baggage,0,1,0%,46
hallens,0,1,0%,46
packaged bank account claim,0,1,0%,46
section 75 claim form,0,1,0%,46
template letter for delayed flight compensation,0,1,0%,46
airline lost luggage reimbursement,0,1,0%,47
hopsens reviews,0,1,0%,47
rauens,0,1,0%,47
foam insurance,0,1,0%,48
how to avoid rejected travel insurance claims,0,1,0%,48
how to claim back bank account fees,0,1,0%,48
airline damaged baggage,0,1,0%,49
airline delayed baggage reimbursement,0,1,0%,49
baggage delayed compensation,0,1,0%,49
airline liability for lost luggage,0,1,0%,50
brathens,0,1,0%,50
compensation delayed baggage,0,1,0%,50
feldens,0,1,0%,50
lost luggage complaints,0,1,0%,50
luggage damaged by airline,0,1,0%,50
can i claim for delayed baggage,0,1,0%,51
can you claim for delayed baggage,0,1,0%,51
how long does air bnb take to refund,0,1,0%,51
pat erns,0,1,0%,51
rajens,0,1,0%,51
therens,0,1,0%,51
airline lost my bag,0,1,0%,52
baggage claimer,0,1,0%,52
wordens,0,1,0%,52
baggage compensation,0,1,0%,53
how do i know if my pension was mis-sold,0,1,0%,53
timeshare expert,0,1,0%,53
worthens,0,1,0%,53
i lost my baggage claim ticket,0,1,0%,54
reclaim baggage,0,1,0%,54
airline damaged luggage,0,1,0%,55
baggage form,0,1,0%,55
how to claim back bank account charges,0,1,0%,55
luggage delayed,0,1,0%,55
missing baggage compensation,0,1,0%,55
airline liability for lost baggage,0,1,0%,56
airlines lost baggage,0,1,0%,56
preens,0,1,0%,56
askrens,0,1,0%,57
baggage claims,0,1,0%,57
baggage delay,0,1,0%,57
bruens,0,1,0%,57
lost baggage,0,1,0%,57
lotens,0,1,0%,57
private parking ticket appeal,0,1,0%,57
what to do if airline loses your luggage,0,1,0%,57
askens,0,1,0%,58
claim lost luggage,0,1,0%,58
cross border debt recovery,0,1,0%,58
delayed luggage claim,0,1,0%,58
no win no fee pension compensation,0,1,0%,58
garrens,0,1,0%,59
baggage loss,0,1,0%,60
claim lost baggage,0,1,0%,60
file reference number baggage,0,1,0%,60
how to claim for lost baggage,0,1,0%,60
baggage delayed,0,1,0%,61
delay baggage,0,1,0%,61
luggage delay,0,1,0%,61
parking fine letter,0,1,0%,61
baggage damage,0,1,0%,62
baggage delays,0,1,0%,62
broken baggage claim,0,1,0%,63
cancel gym membership,0,1,0%,63
coldens,0,1,0%,63
damage baggage,0,1,0%,63
delay baggage claim,0,1,0%,64
luggage broken,0,1,0%,64
damaged bag,0,1,0%,66
luggage damage,0,1,0%,66
suitability report mis-selling,0,1,0%,66
damaged baggage,0,1,0%,67
currens,0,1,0%,68
damaged suitcase,0,1,0%,68
greatens,0,1,0%,68
scribners error,0,1,0%,68
baggage report,0,1,0%,70
luggage report,0,1,0%,70
baggageclaim,0,1,0%,71
gattens,0,1,0%,71
package holiday compensation claims,0,1,0%,71
retur gymgrossisten,0,1,0%,71
medical negligence investigation,0,1,0%,72
lost my luggage,0,1,0%,73
bank mis selling,0,1,0%,75
penalty charge notice letter,0,1,0%,75
71-75 shelton street covent garden london wc2h 9jq uk,0,1,0%,77
billing.fastnext.com,0,1,0%,77
delay repay deadline,0,1,0%,77
letter of appeal for parking fine,0,1,0%,78
new build defects,0,1,0%,78
parking ticket appeal letter template uk,0,1,0%,78
lodens,0,1,0%,80
71-75 ltd,0,1,0%,86
eurochange baggage loss,0,1,0%,88